timestamp,entry
2024-08-16 14:35:19,Number of records read in 10 secs from batch 0: 0
2024-08-16 14:57:13,Number of records read in 10 secs from batch 1: 22
2024-08-16 14:57:15,Number of records read in 10 secs from batch 2: 621
2024-08-16 14:58:44,Number of records read in 10 secs from batch 3: 10
2024-08-16 14:58:54,Number of records read in 10 secs from batch 4: 10
2024-08-16 14:59:03,Number of records read in 10 secs from batch 5: 10
2024-08-16 14:59:13,Number of records read in 10 secs from batch 6: 10
2024-08-16 14:59:23,Number of records read in 10 secs from batch 7: 10
2024-08-16 14:59:34,Number of records read in 10 secs from batch 8: 10
2024-08-16 14:59:43,Number of records read in 10 secs from batch 9: 10
2024-08-16 14:59:53,Number of records read in 10 secs from batch 10: 10
2024-08-16 15:00:03,Number of records read in 10 secs from batch 11: 10
2024-08-16 15:00:13,Number of records read in 10 secs from batch 12: 10
2024-08-16 15:00:23,Number of records read in 10 secs from batch 13: 10
2024-08-16 15:00:33,Number of records read in 10 secs from batch 14: 10
2024-08-16 15:00:43,Number of records read in 10 secs from batch 15: 10
2024-08-16 15:00:53,Number of records read in 10 secs from batch 16: 10
2024-08-16 15:01:03,Number of records read in 10 secs from batch 17: 10
2024-08-16 15:01:13,Number of records read in 10 secs from batch 18: 10
2024-08-16 15:01:23,Number of records read in 10 secs from batch 19: 10
2024-08-16 15:01:33,Number of records read in 10 secs from batch 20: 10
2024-08-16 15:01:43,Number of records read in 10 secs from batch 21: 10
2024-08-16 15:01:53,Number of records read in 10 secs from batch 22: 10
2024-08-16 15:02:03,Number of records read in 10 secs from batch 23: 10
2024-08-16 15:02:13,Number of records read in 10 secs from batch 24: 10
2024-08-16 15:02:23,Number of records read in 10 secs from batch 25: 10
2024-08-16 15:02:33,Number of records read in 10 secs from batch 26: 10
